customer_id,customer_name
1,Customer_91
2,Customer_92
4,Customer_94
6,Customer_96
8,Customer_98
9,Customer_99
10,Customer_100
12,Customer_82
13,Customer_83
14,Customer_84
16,Customer_86
17,Customer_87
18,Customer_88
20,Customer_90
21,Customer_71
22,Customer_72
23,Customer_73
24,Customer_74
25,Customer_75
26,Customer_76
27,Customer_77
31,Customer_61
32,Customer_62
33,Customer_63
34,Customer_64
37,Customer_67
38,Customer_68
39,Customer_69
40,Customer_70
42,Customer_52
43,Customer_53
44,Customer_54
45,Customer_55
46,Customer_56
48,Customer_58
50,Customer_60
51,Customer_41
52,Customer_42
53,Customer_43
54,Customer_44
55,Customer_45
56,Customer_46
57,Customer_47
59,Customer_49
61,Customer_31
62,Customer_32
63,Customer_33
64,Customer_34
66,Customer_36
67,Customer_37
68,Customer_38
70,Customer_40
71,Customer_21
72,Customer_22
73,Customer_23
74,Customer_24
75,Customer_25
77,Customer_27
78,Customer_28
80,Customer_30
84,Customer_14
85,Customer_15
86,Customer_16
87,Customer_17
88,Customer_18
90,Customer_20
91,Customer_1
92,Customer_2
93,Customer_3
94,Customer_4
95,Customer_5
96,Customer_6
97,Customer_7
98,Customer_8
99,Customer_9
100,Customer_10
102,Customer_192
103,Customer_193
105,Customer_195
106,Customer_196
107,Customer_197
108,Customer_198
109,Customer_199
111,Customer_181
112,Customer_182
113,Customer_183
114,Customer_184
115,Customer_185
116,Customer_186
118,Customer_188
119,Customer_189
120,Customer_190
121,Customer_171
123,Customer_173
124,Customer_174
125,Customer_175
126,Customer_176
127,Customer_177
128,Customer_178
129,Customer_179
130,Customer_180
131,Customer_161
133,Customer_163
134,Customer_164
136,Customer_166
138,Customer_168
139,Customer_169
140,Customer_170
142,Customer_152
143,Customer_153
144,Customer_154
145,Customer_155
146,Customer_156
147,Customer_157
148,Customer_158
150,Customer_160
151,Customer_141
152,Customer_142
153,Customer_143
154,Customer_144
155,Customer_145
156,Customer_146
157,Customer_147
159,Customer_149
160,Customer_150
163,Customer_133
164,Customer_134
165,Customer_135
166,Customer_136
167,Customer_137
169,Customer_139
170,Customer_140
171,Customer_121
174,Customer_124
175,Customer_125
176,Customer_126
178,Customer_128
180,Customer_130
182,Customer_112
183,Customer_113
184,Customer_114
185,Customer_115
186,Customer_116
188,Customer_118
189,Customer_119
191,Customer_101
193,Customer_103
196,Customer_106
197,Customer_107
198,Customer_108
199,Customer_109
201,Customer_291
202,Customer_292
205,Customer_295
206,Customer_296
208,Customer_298
209,Customer_299
210,Customer_300
211,Customer_281
212,Customer_282
213,Customer_283
214,Customer_284
216,Customer_286
219,Customer_289
220,Customer_290
221,Customer_271
222,Customer_272
223,Customer_273
224,Customer_274
225,Customer_275
226,Customer_276
227,Customer_277
228,Customer_278
229,Customer_279
230,Customer_280
232,Customer_262
233,Customer_263
234,Customer_264
236,Customer_266
237,Customer_267
238,Customer_268
239,Customer_269
240,Customer_270
241,Customer_251
242,Customer_252
245,Customer_255
246,Customer_256
248,Customer_258
249,Customer_259
250,Customer_260
253,Customer_243
254,Customer_244
255,Customer_245
256,Customer_246
257,Customer_247
258,Customer_248
259,Customer_249
260,Customer_250
261,Customer_231
264,Customer_234
265,Customer_235
266,Customer_236
269,Customer_239
271,Customer_221
272,Customer_222
277,Customer_227
279,Customer_229
281,Customer_211
282,Customer_212
284,Customer_214
285,Customer_215
286,Customer_216
287,Customer_217
288,Customer_218
289,Customer_219
290,Customer_220
291,Customer_201
292,Customer_202
294,Customer_204
295,Customer_205
297,Customer_207
298,Customer_208
299,Customer_209
301,Customer_391
302,Customer_392
303,Customer_393
304,Customer_394
307,Customer_397
308,Customer_398
312,Customer_382
313,Customer_383
317,Customer_387
318,Customer_388
319,Customer_389
320,Customer_390
321,Customer_371
322,Customer_372
323,Customer_373
325,Customer_375
326,Customer_376
329,Customer_379
330,Customer_380
331,Customer_361
332,Customer_362
333,Customer_363
334,Customer_364
335,Customer_365
339,Customer_369
341,Customer_351
342,Customer_352
343,Customer_353
344,Customer_354
346,Customer_356
347,Customer_357
348,Customer_358
349,Customer_359
351,Customer_341
352,Customer_342
354,Customer_344
355,Customer_345
356,Customer_346
357,Customer_347
358,Customer_348
359,Customer_349
360,Customer_350
361,Customer_331
363,Customer_333
364,Customer_334
365,Customer_335
366,Customer_336
367,Customer_337
368,Customer_338
369,Customer_339
370,Customer_340
371,Customer_321
373,Customer_323
374,Customer_324
375,Customer_325
376,Customer_326
377,Customer_327
378,Customer_328
379,Customer_329
380,Customer_330
382,Customer_312
384,Customer_314
385,Customer_315
386,Customer_316
387,Customer_317
388,Customer_318
391,Customer_301
394,Customer_304
395,Customer_305
396,Customer_306
397,Customer_307
398,Customer_308
399,Customer_309
400,Customer_310
401,Customer_491
402,Customer_492
405,Customer_495
407,Customer_497
409,Customer_499
410,Customer_500
411,Customer_481
412,Customer_482
413,Customer_483
414,Customer_484
415,Customer_485
416,Customer_486
418,Customer_488
419,Customer_489
420,Customer_490
421,Customer_471
422,Customer_472
424,Customer_474
425,Customer_475
426,Customer_476
427,Customer_477
429,Customer_479
430,Customer_480
432,Customer_462
433,Customer_463
434,Customer_464
435,Customer_465
436,Customer_466
438,Customer_468
440,Customer_470
441,Customer_451
442,Customer_452
443,Customer_453
444,Customer_454
445,Customer_455
447,Customer_457
448,Customer_458
449,Customer_459
450,Customer_460
451,Customer_441
452,Customer_442
453,Customer_443
454,Customer_444
457,Customer_447
458,Customer_448
459,Customer_449
462,Customer_432
463,Customer_433
465,Customer_435
469,Customer_439
471,Customer_421
472,Customer_422
474,Customer_424
475,Customer_425
476,Customer_426
477,Customer_427
478,Customer_428
479,Customer_429
480,Customer_430
481,Customer_411
483,Customer_413
486,Customer_416
488,Customer_418
489,Customer_419
490,Customer_420
491,Customer_401
494,Customer_404
495,Customer_405
496,Customer_406
497,Customer_407
499,Customer_409
501,Customer_591
503,Customer_593
506,Customer_596
507,Customer_597
508,Customer_598
509,Customer_599
512,Customer_582
513,Customer_583
514,Customer_584
515,Customer_585
518,Customer_588
520,Customer_590
521,Customer_571
522,Customer_572
524,Customer_574
526,Customer_576
527,Customer_577
528,Customer_578
530,Customer_580
534,Customer_564
537,Customer_567
538,Customer_568
540,Customer_570
543,Customer_553
545,Customer_555
546,Customer_556
549,Customer_559
550,Customer_560
552,Customer_542
553,Customer_543
554,Customer_544
555,Customer_545
560,Customer_550
561,Customer_531
563,Customer_533
569,Customer_539
570,Customer_540
571,Customer_521
573,Customer_523
574,Customer_524
575,Customer_525
577,Customer_527
578,Customer_528
580,Customer_530
585,Customer_515
586,Customer_516
587,Customer_517
588,Customer_518
591,Customer_501
592,Customer_502
594,Customer_504
596,Customer_506
597,Customer_507
598,Customer_508
599,Customer_509
600,Customer_510
601,Customer_691
602,Customer_692
603,Customer_693
607,Customer_697
609,Customer_699
610,Customer_700
611,Customer_681
612,Customer_682
613,Customer_683
614,Customer_684
615,Customer_685
616,Customer_686
618,Customer_688
620,Customer_690
621,Customer_671
622,Customer_672
623,Customer_673
625,Customer_675
627,Customer_677
629,Customer_679
630,Customer_680
631,Customer_661
632,Customer_662
633,Customer_663
634,Customer_664
635,Customer_665
640,Customer_670
642,Customer_652
643,Customer_653
644,Customer_654
646,Customer_656
647,Customer_657
648,Customer_658
649,Customer_659
650,Customer_660
651,Customer_641
654,Customer_644
655,Customer_645
656,Customer_646
658,Customer_648
659,Customer_649
660,Customer_650
661,Customer_631
662,Customer_632
663,Customer_633
664,Customer_634
665,Customer_635
668,Customer_638
669,Customer_639
670,Customer_640
671,Customer_621
672,Customer_622
675,Customer_625
676,Customer_626
678,Customer_628
679,Customer_629
680,Customer_630
681,Customer_611
682,Customer_612
683,Customer_613
687,Customer_617
689,Customer_619
690,Customer_620
693,Customer_603
696,Customer_606
698,Customer_608
701,Customer_791
702,Customer_792
703,Customer_793
704,Customer_794
705,Customer_795
706,Customer_796
707,Customer_797
709,Customer_799
710,Customer_800
711,Customer_781
712,Customer_782
715,Customer_785
716,Customer_786
717,Customer_787
718,Customer_788
719,Customer_789
720,Customer_790
722,Customer_772
725,Customer_775
726,Customer_776
728,Customer_778
729,Customer_779
730,Customer_780
731,Customer_761
732,Customer_762
734,Customer_764
735,Customer_765
736,Customer_766
737,Customer_767
739,Customer_769
740,Customer_770
741,Customer_751
742,Customer_752
744,Customer_754
745,Customer_755
747,Customer_757
748,Customer_758
749,Customer_759
750,Customer_760
751,Customer_741
755,Customer_745
756,Customer_746
757,Customer_747
758,Customer_748
759,Customer_749
761,Customer_731
762,Customer_732
763,Customer_733
764,Customer_734
765,Customer_735
766,Customer_736
768,Customer_738
769,Customer_739
772,Customer_722
773,Customer_723
774,Customer_724
776,Customer_726
777,Customer_727
779,Customer_729
782,Customer_712
783,Customer_713
786,Customer_716
788,Customer_718
790,Customer_720
791,Customer_701
792,Customer_702
796,Customer_706
797,Customer_707
800,Customer_710
803,Customer_893
804,Customer_894
805,Customer_895
807,Customer_897
808,Customer_898
809,Customer_899
811,Customer_881
812,Customer_882
813,Customer_883
814,Customer_884
815,Customer_885
816,Customer_886
817,Customer_887
819,Customer_889
820,Customer_890
821,Customer_871
822,Customer_872
824,Customer_874
826,Customer_876
828,Customer_878
829,Customer_879
830,Customer_880
831,Customer_861
832,Customer_862
833,Customer_863
834,Customer_864
836,Customer_866
837,Customer_867
838,Customer_868
840,Customer_870
842,Customer_852
844,Customer_854
845,Customer_855
846,Customer_856
847,Customer_857
849,Customer_859
850,Customer_860
851,Customer_841
852,Customer_842
854,Customer_844
856,Customer_846
857,Customer_847
858,Customer_848
859,Customer_849
861,Customer_831
862,Customer_832
864,Customer_834
865,Customer_835
867,Customer_837
869,Customer_839
870,Customer_840
871,Customer_821
872,Customer_822
873,Customer_823
874,Customer_824
876,Customer_826
878,Customer_828
879,Customer_829
880,Customer_830
881,Customer_811
882,Customer_812
883,Customer_813
884,Customer_814
885,Customer_815
886,Customer_816
887,Customer_817
888,Customer_818
889,Customer_819
890,Customer_820
891,Customer_801
892,Customer_802
894,Customer_804
898,Customer_808
899,Customer_809
900,Customer_810
901,Customer_991
902,Customer_992
903,Customer_993
904,Customer_994
905,Customer_995
907,Customer_997
908,Customer_998
909,Customer_999
910,Customer_1000
911,Customer_981
912,Customer_982
913,Customer_983
914,Customer_984
916,Customer_986
917,Customer_987
918,Customer_988
920,Customer_990
923,Customer_973
925,Customer_975
926,Customer_976
927,Customer_977
928,Customer_978
931,Customer_961
932,Customer_962
934,Customer_964
935,Customer_965
936,Customer_966
939,Customer_969
940,Customer_970
942,Customer_952
943,Customer_953
944,Customer_954
946,Customer_956
947,Customer_957
948,Customer_958
951,Customer_941
952,Customer_942
953,Customer_943
954,Customer_944
955,Customer_945
956,Customer_946
957,Customer_947
959,Customer_949
961,Customer_931
962,Customer_932
963,Customer_933
964,Customer_934
965,Customer_935
966,Customer_936
967,Customer_937
968,Customer_938
969,Customer_939
970,Customer_940
971,Customer_921
972,Customer_922
974,Customer_924
976,Customer_926
977,Customer_927
978,Customer_928
979,Customer_929
980,Customer_930
981,Customer_911
982,Customer_912
983,Customer_913
984,Customer_914
985,Customer_915
986,Customer_916
987,Customer_917
989,Customer_919
991,Customer_901
993,Customer_903
995,Customer_905
997,Customer_907
998,Customer_908
999,Customer_909
